{
  "1": {"diameter": 136.616, "min_x": -45.0025, "min_y": -44.2765, "min_z": -60.2265, "size_x": 90.005, "size_y": 88.553, "size_z": 120.453, "symmetries_discrete": [[-0.999006, -0.0437581, 0.00844989, -0.538319, 0.0432748, -0.997773, -0.0507541, 2.18671, 0.010652, -0.050338, 0.998675, 0.0633359, 0, 0, 0, 1]]},
  "2": {"diameter": 220.64, "min_x": -39.0635, "min_y": -38.3685, "min_z": -106.455, "size_x": 78.127, "size_y": 76.737, "size_z": 212.91}
}